"Season","TeamName","Tempo","RankTempo","AdjTempo","RankAdjTempo","OE","RankOE","AdjOE","RankAdjOE","DE","RankDE","AdjDE","RankAdjDE","AdjEM","RankAdjEM"
"2023","Abilene Christian",69.8901,82,69.2173,83,101.304,227,105.903,158,106.206,258,107.338,222,-1.43452,192
"2023","Air Force",63.6234,345,63.1848,347,104.037,156,106.346,152,104.358,213,104.383,155,1.96383,143
"2023","Akron",66.9744,232,65.3479,283,109.675,45,109.979,95,101.219,127,103.507,135,6.47152,104
"2023","Alabama",72.826,12,72.7469,4,110.862,32,116.097,19,91.7957,5,88.5548,3,27.5425,3
"2023","Alabama A&M",69.8428,86,68.3038,137,96.7316,313,96.6987,328,100.815,116,107.98,239,-11.2814,305
"2023","Alabama St.",67.8581,186,66.0085,253,91.871,351,93.2554,352,105.994,251,110.812,293,-17.5566,349
"2023","Albany",67.7014,194,67.338,173,97.5849,300,98.8028,300,112.28,349,116.148,353,-17.3453,347
"2023","Alcorn St.",68.0354,178,67.2938,176,98.7326,285,102.077,244,102.293,150,108.251,244,-6.17385,241
"2023","American",62.6089,358,62.5743,352,102.968,178,100.842,267,103.73,191,110.171,280,-9.3293,280
"2023","Appalachian St.",65.5818,299,64.9922,299,99.2191,275,101.425,254,99.9463,93,102.153,110,-0.728077,177
"2023","Arizona",72.8989,10,72.3117,9,113.208,13,119.979,4,98.1517,68,97.1195,41,22.8596,10
"2023","Arizona St.",69.1548,121,68.4029,131,100.983,236,107.587,133,96.9713,48,95.211,28,12.3762,68
"2023","Arkansas",70.1147,73,69.6809,54,105.743,119,112.596,51,95.813,35,93.9677,16,18.6287,20
"2023","Arkansas Pine Bluff",70.464,60,69.6282,56,91.3882,354,94.651,342,102.456,155,107.927,238,-13.2758,321
"2023","Arkansas St.",64.209,340,63.4101,342,98.7942,282,100.317,276,106.092,256,109.789,271,-9.47222,284
"2023","Army",67.8896,183,68.5703,117,104.293,153,102.988,226,103.299,181,109.896,274,-6.90804,252
"2023","Auburn",68.6925,145,67.6101,165,105.387,131,112.69,48,97.2563,53,95.242,29,17.4485,29
"2023","Austin Peay",65.8231,289,64.8,308,96.216,321,97.1356,322,110.408,324,111.027,295,-13.8918,324
"2023","Ball St.",68.2147,173,67.5519,167,109.558,49,108.114,116,105.959,249,107.891,237,0.223311,164
"2023","Baylor",67.8723,185,66.551,217,113.141,14,121.852,2,103.675,190,101.871,104,19.9811,15
"2023","Bellarmine",62.5309,359,62.1798,356,100.666,243,102.438,237,110.361,323,110.403,284,-7.96522,261
"2023","Belmont",69.0788,122,68.3947,132,109.577,48,111.549,68,103.964,198,107.466,227,4.08318,123
"2023","Bethune Cookman",69.8387,87,69.0007,96,96.2072,322,97.0746,325,109.059,308,114.441,344,-17.366,348
"2023","Binghamton",66.5612,252,66.0523,246,99.9519,258,98.6818,301,107.432,281,110.614,290,-11.9325,311
"2023","Boise St.",67.0127,229,66.5,219,105.781,118,110.97,78,95.3921,26,93.8353,14,17.1343,31
"2023","Boston College",66.7362,239,66.5749,215,99.2327,274,102.603,232,104.658,221,103.048,125,-0.445114,172
"2023","Boston University",65.8969,284,65.4502,279,98.8786,281,98.0994,309,101.158,122,106.841,211,-8.7418,273
"2023","Bowling Green",71.1349,37,69.665,55,104.732,143,103.694,207,111.182,334,113.036,332,-9.34241,281
"2023","Bradley",65.8489,287,65.2195,289,106.059,110,107.133,142,94.1959,13,97.8885,51,9.24491,86
"2023","Brown",69.897,81,69.3413,73,98.9997,278,100.779,269,98.4884,71,101.757,100,-0.978072,184
"2023","Bryant",72.2369,24,72.0418,14,105.461,128,104.981,176,103.923,196,107.822,236,-2.84083,209
"2023","Bucknell",66.1334,278,66.8204,202,99.4072,267,99.0205,294,103.608,186,110.443,286,-11.4224,306
"2023","Buffalo",73.5653,6,72.2013,12,102.365,196,104.207,193,106.737,269,106.81,208,-2.60316,205
"2023","Butler",67.2418,217,65.5364,277,96.8862,311,102.451,235,101.384,131,98.4608,59,3.99031,124
"2023","BYU",70.6248,55,69.5995,62,104.842,142,109.169,101,98.8727,76,97.582,50,11.5874,75
"2023","Cal Baptist",65.6213,298,64.1084,332,101.157,231,103.743,201,99.5956,90,102.705,118,1.03838,156
"2023","Cal Poly",64.4705,336,64.1769,330,91.4511,353,94.3032,347,102.411,153,104.283,152,-9.98007,290
"2023","Cal St. Bakersfield",63.3555,350,63.2238,345,92.02,350,95.2121,339,102.61,160,105.276,177,-10.0637,293
"2023","Cal St. Fullerton",65.2092,314,64.8284,307,101.51,220,104.955,177,98.2456,69,100.405,81,4.55039,119
"2023","Cal St. Northridge",65.3449,311,65.3347,284,93.1948,348,95.7687,336,106.384,261,109.744,270,-13.9752,326
"2023","California",64.2942,338,63.5217,341,90.0208,358,97.7804,316,108.164,296,105.971,191,-8.19105,265
"2023","Campbell",64.3835,337,64.331,325,104.685,144,105.032,174,105.288,234,109.8,273,-4.76842,229
"2023","Canisius",67.6602,198,67.726,162,100.898,239,101.808,250,105.751,245,108.486,252,-6.6789,249
"2023","Central Arkansas",72.5451,18,72.2511,10,97.8987,298,98.6318,302,112.336,350,113.855,339,-15.2232,332
"2023","Central Connecticut",65.7372,293,64.3963,321,99.0004,277,97.1261,323,105.372,237,114.061,340,-16.9344,343
"2023","Central Michigan",68.6391,149,67.2209,178,93.7007,346,93.0301,353,107.641,284,108.334,247,-15.3036,333
"2023","Charleston",70.8386,44,70.9565,29,112.46,17,111.378,70,94.3072,14,99.6175,75,11.7605,73
"2023","Charleston Southern",66.3705,261,65.8655,263,105.574,123,105.403,167,113.327,353,116.655,356,-11.2514,304
"2023","Charlotte",61.4318,361,60.4671,362,106.287,105,107.972,118,100.534,108,103.37,133,4.60126,117
"2023","Chattanooga",68.7178,142,68.4939,122,109.023,57,108.179,114,107.391,280,109.209,265,-1.03048,185
"2023","Chicago St.",65.693,296,64.3647,323,101.179,230,103.198,220,112.345,351,113.477,334,-10.2787,296
"2023","Cincinnati",69.6336,96,68.5349,120,108.821,63,112.31,55,99.4709,87,98.9568,66,13.3528,54
"2023","Clemson",68.0808,175,68.1595,139,109.33,53,111.118,75,98.8975,77,98.4479,58,12.6705,64
"2023","Cleveland St.",66.5526,253,65.9837,254,105.902,115,104.369,189,101.457,132,105.147,174,-0.778461,179
"2023","Coastal Carolina",68.4254,160,68.4289,128,101.99,204,104.263,191,112.094,344,114.738,345,-10.4748,298
"2023","Colgate",68.0072,179,67.8784,156,114.974,7,112.963,44,101.683,138,107.67,231,5.29262,114
"2023","Colorado",69.6864,93,68.9922,98,100.328,252,107.713,130,95.7339,33,94.6627,23,13.05,59
"2023","Colorado St.",66.2228,273,66.1485,238,106.163,108,112.275,56,106.624,265,105.87,187,6.40508,105
"2023","Columbia",70.6771,51,69.5359,67,91.463,352,94.4662,344,108.019,293,111.319,308,-16.8528,340
"2023","Connecticut",68.5693,154,66.69,210,114.228,9,119.437,6,95.0685,22,94.0687,18,25.3686,4
"2023","Coppin St.",73.0282,9,71.5253,20,96.9237,310,99.2061,289,112.212,346,115.244,349,-16.0384,338
"2023","Cornell",72.0883,25,71.2651,24,110.771,33,112.029,62,106.836,270,110.265,282,1.76445,144
"2023","Creighton",69.4467,104,67.9808,149,109.592,47,114.621,28,97.6468,61,93.9665,15,20.6545,13
"2023","Dartmouth",70.0061,77,68.7969,106,96.8188,312,99.3658,286,104.547,219,107.714,234,-8.34774,267
"2023","Davidson",65.8237,288,65.1078,295,103.914,159,107.425,136,103.208,180,104.949,169,2.47585,140
"2023","Dayton",63.5687,347,62.3831,354,107.383,88,110.018,94,95.4285,27,98.8227,63,11.1957,78
"2023","Delaware",67.1363,220,67.1622,184,102.711,185,102.54,234,104.94,228,108.082,242,-5.54193,237
"2023","Delaware St.",68.8987,136,67.9235,153,90.6989,355,92.1741,356,109.08,310,112.532,325,-20.3584,357
"2023","Denver",68.6645,146,68.5811,115,102.819,181,100.794,268,108.137,295,111.222,303,-10.4277,297
"2023","DePaul",69.8629,85,68.7921,107,100.459,249,107.877,123,108.998,307,105.611,180,2.26654,142
"2023","Detroit Mercy",67.8786,184,67.2635,177,111.317,27,111.63,67,110.809,329,113.462,333,-1.83197,199
"2023","Drake",66.685,243,66.4238,222,108.714,65,109.84,98,94.3924,16,97.3312,44,12.5086,66
"2023","Drexel",63.8576,343,63.6707,339,101.842,210,101.186,259,96.8144,44,103.149,126,-1.9629,200
"2023","Duke",65.7055,294,65.258,288,110.245,38,113.242,42,96.9333,47,94.7532,24,18.4885,21
"2023","Duquesne",69.3488,110,68.2368,138,107.924,76,108.597,107,102.097,145,104.616,160,3.98083,125
"2023","East Carolina",68.5928,152,67.4663,170,100.592,246,103.369,213,103.029,175,104.092,147,-0.723256,176
"2023","East Tennessee St.",66.3661,262,65.8108,268,102.008,203,101.231,258,104.447,216,107.524,228,-6.29254,244
"2023","Eastern Illinois",69.8876,83,67.9747,150,95.3656,334,94.0874,349,106.087,254,111.157,300,-17.0697,344
"2023","Eastern Kentucky",70.3686,65,70.178,41,101.757,213,103.358,214,102.008,142,103.404,134,-0.0459968,169
"2023","Eastern Michigan",70.2357,70,69.2118,85,101.709,216,101.783,251,114.48,357,114.387,342,-12.604,317
"2023","Eastern Washington",68.5782,153,68.4621,123,110.002,39,111.545,69,104.806,225,107.46,226,4.08483,122
"2023","Elon",66.4825,255,65.9804,256,96.0974,324,96.8169,327,108.402,299,112.793,327,-15.9766,337
"2023","Evansville",69.7797,91,69.6192,58,89.4254,359,91.561,357,108.871,303,109.922,275,-18.3612,352
"2023","Fairfield",64.7692,328,65.0805,297,97.9591,296,98.9118,298,101.775,139,106.993,213,-8.08098,264
"2023","Fairleigh Dickinson",69.2648,112,68.7636,110,108.88,61,106.175,155,108.232,297,118.425,361,-12.2499,312
"2023","FIU",70.6199,56,70.1208,42,100.961,238,102.912,228,105.221,231,106.476,202,-3.56395,222
"2023","Florida",69.7957,90,69.4162,70,102.815,182,108.229,112,97.8873,64,95.4082,30,12.8211,63
"2023","Florida A&M",66.1903,276,65.0729,298,88.0469,362,89.7295,360,107.213,276,110.153,279,-20.4236,358
"2023","Florida Atlantic",68.7232,140,68.4356,126,112.947,15,114.275,32,94.37,15,96.0455,36,18.2298,26
"2023","Florida Gulf Coast",66.3081,267,66.3493,226,104.879,140,105.017,175,104.332,212,106.216,195,-1.1993,188
"2023","Florida St.",69.0152,125,68.7389,112,100.541,248,105.208,172,110.504,326,108.035,240,-2.8267,208
"2023","Fordham",69.9809,78,69.7048,52,102.258,197,103.178,221,96.1311,37,100.666,87,2.51142,139
"2023","Fresno St.",63.8354,344,64.282,328,99.2911,271,103.527,208,103.184,179,100.558,84,2.9689,134
"2023","Furman",68.8397,138,68.4585,124,115.465,6,114.2,33,102.412,154,105.775,183,8.42504,89
"2023","Gardner Webb",66.6842,244,66.2309,234,99.6067,265,99.0143,295,98.0934,67,101.58,98,-2.56604,202
"2023","George Mason",67.5598,204,66.3624,224,101.198,229,102.683,231,99.1119,81,101.213,94,1.46995,147
"2023","George Washington",69.5467,102,69.0604,94,107.166,92,109.163,102,108.868,302,112.487,324,-3.3243,218
"2023","Georgetown",69.6415,95,68.9433,101,98.9207,279,103.949,197,111.352,337,108.294,246,-4.34488,224
"2023","Georgia",68.2189,172,67.744,161,100.151,256,104.427,187,104.316,211,103.037,124,1.39037,149
"2023","Georgia Southern",67.1282,221,66.7342,205,99.593,266,100.375,275,101.134,120,102.99,123,-2.61492,206
"2023","Georgia St.",67.6837,196,67.0187,190,95.764,328,98.1475,308,104.173,205,107.389,223,-9.24192,277
"2023","Georgia Tech",67.3737,211,66.7174,207,101.332,225,104.263,192,105.983,250,104.102,148,0.161024,167
"2023","Gonzaga",71.5446,34,70.0669,44,120.383,2,124.003,1,102.978,171,99.6929,76,24.3103,8
"2023","Grambling St.",67.4231,207,66.2515,233,100.008,257,100.145,280,93.2038,9,100.796,89,-0.650812,175
"2023","Grand Canyon",65.9325,281,65.1543,293,108.542,67,112.316,54,103.639,188,106.325,198,5.99146,109
"2023","Green Bay",66.1977,275,65.1575,292,89.1768,360,90.6192,358,115.046,360,116.92,357,-26.3012,361
"2023","Hampton",69.591,100,68.9977,97,96.9262,309,97.5208,319,111.781,342,115.709,352,-18.1878,351
"2023","Hartford",66.159,277,65.5498,276,90.1697,356,89.4315,362,113.255,352,119.178,362,-29.7461,362
"2023","Harvard",67.7572,189,65.9538,258,99.4003,268,101.253,257,97.4488,55,100.932,91,0.320876,163
"2023","Hawaii",64.876,325,64.7701,309,101.667,218,102.057,246,94.5005,18,98.2011,55,3.85584,126
"2023","High Point",71.5754,32,71.5164,21,101.476,221,100.19,279,107.885,289,111.255,305,-11.0651,302
"2023","Hofstra",67.424,206,67.2146,179,109.229,54,110.256,87,96.993,49,101.855,103,8.40066,90
"2023","Holy Cross",68.8698,137,69.1379,88,94.2504,341,94.1578,348,105.406,238,111.042,296,-16.884,341
"2023","Houston",64.7857,327,63.3281,343,116.021,4,118.389,11,87.4193,1,89.5694,4,28.8197,1
"2023","Houston Christian",72.5481,17,70.6719,31,102.781,183,102.06,245,116.617,363,120.882,363,-18.822,353
"2023","Howard",71.0452,38,68.9682,99,103.037,176,103.7,204,101.975,141,106.914,212,-3.21362,215
"2023","Idaho",66.3872,259,65.9361,259,103.298,170,102.819,229,110.905,330,113.527,337,-10.7077,300
"2023","Idaho St.",65.7847,291,65.2805,287,101.918,207,102.3,238,107.098,274,108.576,255,-6.27531,243
"2023","Illinois",69.2852,111,69.3873,71,106.287,104,112.167,58,96.0045,36,95.6864,32,16.4805,33
"2023","Illinois Chicago",68.9784,129,69.0247,95,95.9837,325,98.0479,311,104.451,217,108.724,257,-10.6764,299
"2023","Illinois St.",65.7555,292,64.9849,300,99.7503,263,100.586,271,105.673,242,109.966,276,-9.38002,282
"2023","Incarnate Word",68.6219,151,66.9798,191,98.338,292,96.6162,329,108.018,292,112.484,323,-15.8675,336
"2023","Indiana",68.4707,158,68.1267,142,108.931,60,114.651,27,99.6621,91,97.292,43,17.3586,30
"2023","Indiana St.",70.7952,45,70.6045,34,110.691,34,110.562,84,97.5297,58,103.174,128,7.38803,97
"2023","Iona",68.9173,133,68.8985,102,110.689,35,110.856,79,94.0259,12,99.1449,67,11.7114,74
"2023","Iowa",69.5921,99,69.5366,66,113.509,10,120.475,3,105.692,243,104.874,167,15.602,37
"2023","Iowa St.",65.8211,290,64.3146,326,103.094,174,109.885,96,94.8508,21,91.5502,8,18.3345,23
"2023","IUPUI",67.892,182,67.0775,186,95.4188,332,95.9045,335,115.035,359,117.745,359,-21.8408,360
"2023","Jackson St.",69.6552,94,68.095,143,96.4728,315,99.3102,288,104.671,222,110.083,277,-10.7727,301
"2023","Jacksonville",61.3149,362,61.1698,361,99.7685,261,100.278,278,105.537,239,105.682,181,-5.40436,235
"2023","Jacksonville St.",66.0604,280,65.7084,273,100.983,235,102.249,240,107.332,277,107.447,225,-5.19804,233
"2023","James Madison",71.7637,31,70.5404,35,106.039,111,106.722,146,96.4181,41,99.9827,79,6.73945,101
"2023","Kansas",70.0971,74,69.2709,79,106.078,109,114.61,29,96.3488,40,91.4746,7,23.1356,9
"2023","Kansas St.",70.7287,49,70.2112,40,104.952,139,112.516,52,95.7969,34,94.202,19,18.3143,24
"2023","Kennesaw St.",69.1918,118,68.5424,118,105.334,134,106.304,153,101.312,130,102.661,116,3.64262,127
"2023","Kent St.",69.3536,109,68.0539,144,108.778,64,108.347,110,95.6199,32,96.4497,38,11.8972,71
"2023","Kentucky",66.8388,236,66.0116,251,111.767,24,117.41,14,101.192,125,99.6116,71,17.7987,28
"2023","La Salle",68.5076,156,67.8013,159,101,234,103.418,211,105.169,230,107.767,235,-4.34875,225
"2023","Lafayette",63.5338,348,63.0481,349,95.9678,326,95.5357,338,101.146,121,104.251,151,-8.71508,272
"2023","Lamar",67.3905,209,65.8253,267,97.2402,306,94.9645,340,111.347,336,115.236,348,-20.2711,356
"2023","Lehigh",69.2442,114,69.5416,65,98.2673,294,97.91,313,102.713,164,107.638,230,-9.72822,287
"2023","Liberty",65.3399,312,64.5248,318,111.924,21,112.655,50,94.6084,20,98.1469,54,14.5077,48
"2023","Lindenwood",68.9625,130,66.8506,199,95.9053,327,95.7375,337,107.916,291,112.398,319,-16.6608,339
"2023","Lipscomb",69.1844,120,69.448,69,105.707,121,104.855,178,102.883,165,103.839,143,1.01609,157
"2023","Little Rock",72.7365,13,70.9777,28,102.75,184,102.191,241,110.514,327,115.56,350,-13.3682,322
"2023","LIU",73.2014,8,72.5682,6,87.464,363,86.5364,363,111.399,338,117.151,358,-30.6146,363
"2023","Long Beach St.",72.0391,27,72.909,3,101.888,208,105.436,165,102.079,144,104.933,168,0.502908,162
"2023","Longwood",66.6917,241,65.9824,255,106.572,101,104.279,190,99.4348,86,104.538,158,-0.259697,171
"2023","Louisiana",68.6612,147,68.4082,130,109.745,42,112.243,57,102.034,143,104.042,146,8.20091,92
"2023","Louisiana Monroe",66.356,263,66.0261,250,94.5393,337,97.9113,312,106.216,259,107.127,216,-9.21611,276
"2023","Louisiana Tech",66.9925,231,66.5573,216,102.055,201,105.37,169,105.274,233,105.851,185,-0.480802,173
"2023","Louisville",67.0437,227,66.5313,218,95.5827,330,101.381,255,113.398,355,111.648,312,-10.2667,295
"2023","Loyola Chicago",67.0503,226,66.1871,236,99.3813,269,102.044,247,106.63,266,109.084,262,-7.04055,254
"2023","Loyola Marymount",68.9981,126,67.0748,187,106.824,97,110.036,93,105.715,244,103.713,140,6.3227,107
"2023","Loyola MD",66.4537,256,66.1308,240,98.559,287,98.8475,299,107.787,285,112.972,330,-14.1243,327
"2023","LSU",66.653,246,65.855,264,101.383,223,106.616,149,106.419,262,104.991,172,1.62449,145
"2023","Maine",66.3119,266,65.8836,262,98.8899,280,99.1305,291,105.246,232,108.568,254,-9.4378,283
"2023","Manhattan",67.0594,225,67.0645,188,97.3226,305,97.5389,318,104.186,206,109.053,261,-11.5142,307
"2023","Marist",65.5261,302,65.6367,275,97.568,301,97.8419,315,101.471,133,107.115,215,-9.27331,279
"2023","Marquette",69.6014,98,68.3571,135,113.246,12,119.309,8,100.116,95,97.479,47,21.8296,12
"2023","Marshall",72.3662,20,72.1075,13,110.983,31,111.277,73,97.5526,59,101.533,96,9.74394,84
"2023","Maryland",64.5455,335,64.6104,312,109.025,56,114.136,35,97.5818,60,95.7662,33,18.3703,22
"2023","Maryland Eastern Shore",70.6846,50,69.7054,51,93.8697,345,94.3459,345,97.4868,57,101.059,92,-6.71307,250
"2023","Massachusetts",70.6601,54,70.6198,32,98.4619,290,100.905,265,101.171,124,103.906,144,-3.00153,212
"2023","McNeese St.",67.6101,201,66.2628,232,99.2477,272,98.9563,297,111.325,335,114.34,341,-15.3833,334
"2023","Memphis",72.5742,16,71.799,17,108.548,66,114.701,26,97.6969,62,96.0131,35,18.6882,19
"2023","Mercer",64.8877,324,64.5551,315,100.797,241,99.6629,285,102.358,152,104.538,157,-4.87502,230
"2023","Merrimack",67.1727,219,66.4032,223,92.1879,349,89.4866,361,95.2144,24,101.915,106,-12.4283,315
"2023","Miami FL",68.9799,128,68.8526,105,114.539,8,118.233,12,104.044,201,103.319,132,14.9147,40
"2023","Miami OH",68.9494,131,66.8261,201,104.846,141,103.699,205,111.834,343,111.992,313,-8.29296,266
"2023","Michigan",67.3878,210,67.4907,168,105.835,117,112.759,46,100.74,112,98.0795,53,14.6795,46
"2023","Michigan St.",65.387,309,64.9303,304,105.971,112,113.4,41,101.594,135,96.6898,40,16.7099,32
"2023","Middle Tennessee",66.9007,234,66.9435,193,103.429,165,106.492,150,102.325,151,102.352,113,4.13983,121
"2023","Milwaukee",72.3293,21,72.0373,15,103.491,164,103.077,223,103.989,199,107.712,233,-4.63518,228
"2023","Minnesota",65.4311,307,65.8529,265,95.3742,333,102.563,233,107.806,286,105.851,186,-3.28811,217
"2023","Mississippi",66.633,249,66.1271,241,100.764,242,106.76,144,103.406,183,101.726,99,5.03436,115
"2023","Mississippi St.",64.9893,321,63.8156,334,100.199,254,105.451,164,92.6099,7,91.3344,6,14.1161,49
"2023","Mississippi Valley St.",68.2706,170,67.2029,182,88.8803,361,92.6938,355,108.897,305,112.483,322,-19.7895,355
"2023","Missouri",70.2468,69,69.1079,92,112.445,18,119.289,10,105.612,241,105.37,178,13.9186,51
"2023","Missouri St.",62.8238,357,62.2166,355,102.217,198,104.626,183,100.438,107,103.312,131,1.31416,151
"2023","Monmouth",68.3883,162,68.4159,129,90.0443,357,92.7008,354,109.402,313,110.428,285,-17.7271,350
"2023","Montana",64.0227,342,63.6857,338,107.854,77,108.928,104,107,272,108.289,245,0.63968,159
"2023","Montana St.",67.107,223,66.4691,221,105.386,133,105.36,170,99.0737,80,99.6121,73,5.74798,110
"2023","Morehead St.",65.7022,295,63.2537,344,100.962,237,100.409,274,102.948,168,106.998,214,-6.58857,247
"2023","Morgan St.",72.8437,11,70.8203,30,94.8199,335,94.4967,343,102.263,149,106.825,209,-12.3282,313
"2023","Mount St. Mary's",65.8718,285,65.8408,266,96.1375,323,97.0909,324,102.213,148,106.337,200,-9.24613,278
"2023","Murray St.",66.8875,235,66.799,203,103.078,175,105.732,161,107.818,287,110.179,281,-4.44624,226
"2023","N.C. State",69.8214,89,69.1326,89,111.298,28,113.894,37,101.235,128,100.589,85,13.3051,55
"2023","Navy",64.672,332,64.5395,317,105.147,137,103.746,200,100.056,94,104.723,164,-0.976759,183
"2023","Nebraska",67.3139,214,67.1236,185,99.7644,262,106.677,147,102.678,163,99.2085,68,7.46851,95
"2023","Nebraska Omaha",68.0772,177,67.8598,157,98.589,286,100.434,273,111.717,340,112.966,329,-12.5319,316
"2023","Nevada",66.2038,274,66.0567,245,106.46,103,112.04,61,99.3311,84,97.2467,42,14.7928,43
"2023","New Hampshire",65.505,304,64.2075,329,98.0824,295,97.449,320,102.995,172,107.174,219,-9.72456,286
"2023","New Mexico",71.5547,33,71.627,19,111.409,26,116.09,20,102.914,166,102.25,111,13.8405,52
"2023","New Mexico St.",70.5982,58,69.293,77,100.798,240,105.7,162,106.656,267,106.825,210,-1.12494,187
"2023","New Orleans",72.2521,23,71.3968,22,100.614,245,98.0653,310,110.03,322,112.901,328,-14.8354,329
"2023","Niagara",63.4498,349,63.2233,346,100.443,250,100.94,262,103.96,197,108.372,249,-7.43209,259
"2023","Nicholls St.",71.9218,28,70.5213,37,101.131,232,99.3531,287,104.825,226,107.165,218,-7.81193,260
"2023","NJIT",66.341,264,66.3432,227,98.3066,293,97.1532,321,108.909,306,112.071,315,-14.9176,331
"2023","Norfolk St.",67.4069,208,65.3039,285,107.785,80,107.463,134,104.205,207,108.939,260,-1.47553,194
"2023","North Alabama",68.9102,134,68.5746,116,104.123,154,105.305,171,109.752,316,112.071,316,-6.76686,251
"2023","North Carolina",69.3638,108,68.9581,100,107.656,82,112.121,59,100.256,97,97.459,46,14.662,47
"2023","North Carolina A&T",69.769,92,70.0404,46,96.9325,308,98.2637,306,107.596,283,111.357,309,-13.093,319
"2023","North Carolina Central",68.9897,127,67.9009,155,101.327,226,100.921,264,97.0096,51,102.149,109,-1.22805,189
"2023","North Dakota",67.7408,190,67.2085,180,103.34,167,103.403,212,109.947,318,111.455,311,-8.05181,262
"2023","North Dakota St.",69.1944,117,68.145,141,104.303,152,104.599,184,107.364,279,107.674,232,-3.075,213
"2023","North Florida",68.4185,161,68.0144,145,107.327,89,109.879,97,113.391,354,114.792,346,-4.913,231
"2023","North Texas",59.2739,363,58.7679,363,107.047,94,110.155,90,94.0049,11,95.4719,31,14.6828,45
"2023","Northeastern",67.1203,222,66.8446,200,96.5908,314,97.8655,314,105.944,248,109.694,268,-11.8284,310
"2023","Northern Arizona",67.6905,195,66.8877,197,105.51,125,107.939,120,110.624,328,110.88,294,-2.94076,211
"2023","Northern Colorado",69.3978,105,69.6121,59,105.387,132,107.66,132,111.109,333,111.186,302,-3.52605,221
"2023","Northern Illinois",70.444,62,69.214,84,100.308,253,100.9,266,105.794,247,107.227,221,-6.3275,245
"2023","Northern Iowa",67.5723,202,67.7521,160,101.365,224,103.169,222,103.794,194,106.575,204,-3.40519,219
"2023","Northern Kentucky",63.1624,352,62.0431,358,104.474,148,103.337,217,100.362,104,102.82,121,0.516851,161
"2023","Northwestern",65.3487,310,64.9196,305,102.638,191,108.511,109,95.4446,28,93.6786,13,14.8321,42
"2023","Northwestern St.",68.2611,171,66.6786,211,108.12,73,106.022,156,104.748,223,109.127,263,-3.10533,214
"2023","Notre Dame",65.4171,308,64.9057,306,105.961,113,108.765,106,109.639,314,108.766,258,-0.00171006,168
"2023","Oakland",69.0447,124,68.4407,125,103.302,169,103.723,202,110.446,325,112.408,320,-8.68505,271
"2023","Ohio",69.603,97,68.4298,127,111.605,25,110.852,80,106.173,257,107.44,224,3.41182,131
"2023","Ohio St.",65.9218,283,66.042,248,109.348,52,115.872,21,104.369,214,101.889,105,13.9828,50
"2023","Oklahoma",66.3779,260,65.2978,286,101.463,222,111.112,76,100.776,114,97.4099,45,13.7022,53
"2023","Oklahoma St.",68.3413,165,67.5614,166,99.8539,260,107.83,126,96.2805,39,92.6216,12,15.2081,38
"2023","Old Dominion",65.5469,301,64.9813,301,101.293,228,103.216,219,101.265,129,103.824,141,-0.608453,174
"2023","Oral Roberts",70.7367,48,70.4974,38,116.53,3,115.29,23,99.0034,79,102.041,107,13.2487,56
"2023","Oregon",66.2556,270,66.2714,231,106.659,100,114.454,31,101.058,118,99.6174,74,14.8361,41
"2023","Oregon St.",64.7391,329,63.7282,337,93.6043,347,100.311,277,103.623,187,103.201,130,-2.89076,210
"2023","Pacific",70.846,42,69.6071,60,105.901,116,108.333,111,109.739,315,109.208,264,-0.875168,181
"2023","Penn",67.811,188,66.9579,192,108.005,75,110.321,86,104.922,227,107.177,220,3.14373,133
"2023","Penn St.",64.5546,334,64.6095,313,109.964,40,116.827,17,104.26,209,101.79,101,15.0367,39
"2023","Pepperdine",73.7049,5,72.233,11,102.503,194,105.413,166,109.178,311,106.164,194,-0.750148,178
"2023","Pittsburgh",68.139,174,67.3195,174,111.897,22,115.103,24,103.731,192,103.837,142,11.2662,77
"2023","Portland",70.8406,43,69.0975,93,107.255,91,110.996,77,111.056,332,109.732,269,1.26388,152
"2023","Portland St.",72.0746,26,72.3998,8,102.158,199,102.976,227,108.288,298,108.559,253,-5.58313,238
"2023","Prairie View A&M",68.9257,132,67.8453,158,93.9777,344,94.3151,346,97.1642,52,102.668,117,-8.35274,268
"2023","Presbyterian",64.7123,331,64.6789,310,94.7405,336,93.8378,350,108.063,294,111.043,297,-17.2056,346
"2023","Princeton",68.3492,164,67.4504,171,108.055,74,109.093,103,99.565,89,103.527,137,5.56576,112
"2023","Providence",68.3876,163,66.9051,195,111.864,23,116.847,16,102.675,162,102.117,108,14.7305,44
"2023","Purdue",64.2104,339,64.3846,322,113.435,11,119.362,7,97.4768,56,94.8154,26,24.5463,7
"2023","Purdue Fort Wayne",69.9055,80,69.1273,90,101.837,211,100.778,270,102.969,170,106.603,206,-5.82432,239
"2023","Queens",70.4592,61,70.0491,45,107.262,90,107.192,141,107.359,278,109.795,272,-2.60233,204
"2023","Quinnipiac",69.2174,116,69.6954,53,103.585,163,104.204,194,99.5503,88,105.723,182,-1.51891,196
"2023","Radford",65.1516,317,64.551,316,105.311,135,104.442,185,102.137,146,105.371,179,-0.929194,182
"2023","Rhode Island",68.3402,166,67.2947,175,95.4356,331,97.7108,317,101.939,140,104.839,165,-7.1285,256
"2023","Rice",70.3361,67,69.8819,48,104.408,149,107.453,135,109.944,317,110.685,291,-3.23162,216
"2023","Richmond",66.4207,257,65.3754,282,101.863,209,103.695,206,100.263,98,102.608,114,1.08748,155
"2023","Rider",64.9959,320,65.0951,296,105.712,120,106.292,154,103.466,184,108.881,259,-2.58953,203
"2023","Robert Morris",66.9331,233,66.3585,225,100.387,251,99.1856,290,100.805,115,104.691,162,-5.50532,236
"2023","Rutgers",66.2398,272,65.8871,261,101.815,212,105.826,159,91.0946,4,90.0543,5,15.7714,35
"2023","Sacramento St.",63.15,353,62.4514,353,102.504,193,103.907,199,107.212,275,108.385,250,-4.47784,227
"2023","Sacred Heart",70.0326,76,69.7155,50,98.7739,283,96.3869,331,101.165,123,111.289,306,-14.9019,330
"2023","Saint Joseph's",69.3923,106,69.3321,75,103.202,173,104.39,188,103.646,189,105.898,188,-1.50715,195
"2023","Saint Louis",69.8359,88,69.326,76,107.422,87,111.696,66,102.575,158,104.248,150,7.44821,96
"2023","Saint Mary's",63.5736,346,61.7457,359,110.407,37,113.469,40,93.3983,10,91.573,9,21.8962,11
"2023","Saint Peter's",62.8863,355,63.0182,350,96.3704,319,96.9232,326,103.769,193,108.587,256,-11.6642,308
"2023","Sam Houston St.",65.5126,303,64.4423,320,103.914,158,106.629,148,93.146,8,94.345,21,12.2837,69
"2023","Samford",68.646,148,68.3619,134,110.435,36,109.28,100,103.356,182,106.336,199,2.94347,135
"2023","San Diego",70.1666,71,68.7759,109,107.565,85,110.611,83,115.211,361,114.411,343,-3.79921,223
"2023","San Diego St.",66.5126,254,66.0088,252,106.67,99,111.929,64,95.1386,23,91.6745,10,20.2549,14
"2023","San Francisco",70.4177,63,68.6151,113,106.821,98,110.137,92,103.796,195,103.191,129,6.94601,100
"2023","San Jose St.",62.8655,356,62.728,351,105.067,138,110.689,82,104.542,218,102.776,120,7.91302,93
"2023","Santa Clara",71.4704,36,70.0785,43,107.759,81,111.307,72,103.045,176,101.177,93,10.1306,82
"2023","Seattle",70.1277,72,69.179,87,99.8653,259,102.11,243,99.4263,85,99.7599,77,2.35039,141
"2023","Seton Hall",67.6734,197,66.49,220,100.665,244,106.735,145,96.8428,45,94.5082,22,12.2266,70
"2023","Siena",66.6185,250,66.8899,196,102.022,202,102.298,239,99.7353,92,104.964,170,-2.66615,207
"2023","SIU Edwardsville",70.9971,40,69.2365,81,102.971,177,100.064,281,101.21,126,106.275,197,-6.21117,242
"2023","SMU",70.6118,57,69.6223,57,97.8245,299,103.33,218,105.368,236,104.2,149,-0.86969,180
"2023","South Alabama",66.2798,269,65.7589,270,105.484,127,108.183,113,98.6137,73,100.444,82,7.73905,94
"2023","South Carolina",65.1421,318,64.3468,324,97.5096,302,103.719,203,109.997,320,107.138,217,-3.41971,220
"2023","South Carolina St.",73.5387,7,71.6806,18,97.353,304,98.5904,303,114.213,356,115.663,351,-17.0725,345
"2023","South Dakota",66.703,240,66.0415,249,101.944,206,103.347,215,111.724,341,113.479,335,-10.132,294
"2023","South Dakota St.",67.7242,193,66.645,212,103.79,161,105.159,173,103,173,104.981,171,0.177374,166
"2023","South Florida",69.5577,101,68.3555,136,103.229,171,105.936,157,103.028,174,104.613,159,1.32327,150
"2023","Southeast Missouri St.",73.8049,3,72.5474,7,102.664,188,100.937,263,103.119,177,108.149,243,-7.21195,257
"2023","Southeastern Louisiana",69.9808,79,68.7575,111,105.951,114,104.141,196,107.504,282,111.186,301,-7.04444,255
"2023","Southern",72.2591,22,71.0002,26,95.7385,329,96.2067,333,98.5285,72,105.06,173,-8.85363,274
"2023","Southern Illinois",64.7151,330,63.9016,333,100.181,255,101.331,256,95.2853,25,98.4312,57,2.89928,136
"2023","Southern Indiana",71.0448,39,69.3388,74,105.397,130,103.342,216,106.731,268,112.021,314,-8.67873,270
"2023","Southern Miss",68.2707,169,68.5378,119,106.843,96,108.035,117,97.9854,65,100.724,88,7.31132,98
"2023","Southern Utah",72.4947,19,71.919,16,106.268,106,110.151,91,104.21,208,104.515,156,5.63591,111
"2023","St. Bonaventure",66.6874,242,65.6626,274,99.3784,270,101.16,260,100.738,111,103.169,127,-2.00849,201
"2023","St. Francis NY",66.4039,258,66.1377,239,94.3611,340,90.2234,359,102.497,156,111.253,304,-21.0292,359
"2023","St. Francis PA",68.6973,144,68.3727,133,102.495,195,99.7043,284,108.886,304,116.621,355,-16.9164,342
"2023","St. John's",73.8191,2,73.4504,1,103.202,172,107.946,119,100.404,105,98.489,60,9.45672,85
"2023","St. Thomas",66.6391,247,66.08,244,108.958,59,107.828,127,106.057,253,109.631,267,-1.80345,198
"2023","Stanford",66.1265,279,65.7757,269,106.563,102,114.138,34,103.575,185,104.377,154,9.76108,83
"2023","Stephen F. Austin",70.3858,64,69.2761,78,103.335,168,105.469,163,100.912,117,102.273,112,3.1959,132
"2023","Stetson",64.9023,323,64.6782,311,112.331,19,113.692,39,112.214,347,113.49,336,0.201938,165
"2023","Stonehill",67.5676,203,66.2953,228,96.3875,318,94.6796,341,102.552,157,110.144,278,-15.4642,335
"2023","Stony Brook",65.1843,316,64.1584,331,94.4569,338,96.0927,334,107.05,273,110.563,288,-14.47,328
"2023","Syracuse",68.3193,167,67.483,169,107.818,78,110.389,85,106.28,260,105.932,190,4.45741,120
"2023","Tarleton St.",67.8114,187,66.6403,213,99.2045,276,103.493,210,103.169,178,102.959,122,0.533863,160
"2023","TCU",70.8734,41,69.8118,49,105.499,126,112.366,53,95.5984,31,94.3026,20,18.0633,27
"2023","Temple",67.0897,224,66.0451,247,101.73,215,107.288,139,102.65,161,102.722,119,4.56629,118
"2023","Tennessee",66.2411,271,65.5273,278,108.476,68,112.675,49,87.5278,2,87.9699,2,24.7052,5
"2023","Tennessee Martin",72.6123,15,71.2227,25,103.991,157,101.862,249,105.068,229,110.76,292,-8.89837,275
"2023","Tennessee St.",72.6989,14,70.9784,27,103.879,160,101.127,261,104.302,210,111.154,299,-10.027,292
"2023","Tennessee Tech",68.7222,141,66.7109,208,102.146,200,101.58,252,106.456,263,111.314,307,-9.73368,288
"2023","Texas",70.3477,66,69.1218,91,109.362,51,116.581,18,94.4193,17,92.0106,11,24.5707,6
"2023","Texas A&M",67.3544,212,66.1613,237,108.864,62,114.483,30,98.0857,66,96.1997,37,18.2834,25
"2023","Texas A&M Commerce",67.0299,228,65.3948,281,103.355,166,101.505,253,108.488,300,112.6,326,-11.0953,303
"2023","Texas A&M Corpus Chris",70.668,53,69.2573,80,109.864,41,107.367,137,102.144,147,107.592,229,-0.225041,170
"2023","Texas Southern",70.7468,46,69.3574,72,94.0211,342,96.5062,330,101.061,119,106.217,196,-9.71055,285
"2023","Texas St.",64.1078,341,63.6457,340,101.708,217,104.756,182,104.12,204,106.001,193,-1.24519,190
"2023","Texas Tech",68.9085,135,67.1831,183,105.543,124,111.843,65,100.31,100,98.8943,65,12.9487,61
"2023","The Citadel",67.6379,200,67.2063,181,97.9551,297,98.1524,307,109.962,319,112.113,318,-13.9608,325
"2023","Toledo",70.7379,47,69.5687,63,120.405,1,119.638,5,107.846,288,110.513,287,9.12452,87
"2023","Towson",65.6832,297,64.9327,303,108.193,72,108.167,115,100.36,103,104.672,161,3.49535,130
"2023","Troy",67.9669,180,67.9157,154,102.639,190,104.835,179,98.9998,78,101.273,95,3.56135,128
"2023","Tulane",73.9829,1,73.1047,2,106.248,107,110.238,88,102.602,159,103.934,145,6.30413,108
"2023","Tulsa",68.699,143,67.9665,151,94.0054,343,98.9906,296,112.187,345,111.36,310,-12.3694,314
"2023","UAB",70.6753,52,70.609,33,110.993,30,112.718,47,98.2638,70,99.8558,78,12.8621,62
"2023","UC Davis",70.4968,59,70.5243,36,102.7,186,104.82,180,100.28,99,103.662,138,1.15834,154
"2023","UC Irvine",69.3766,107,69.554,64,105.182,136,107.743,129,96.8033,43,100.453,83,7.28921,99
"2023","UC Riverside",67.3079,215,66.8566,198,104.605,146,107.859,124,102.964,169,105.165,176,2.69413,137
"2023","UC San Diego",66.2922,268,66.0893,243,98.3951,291,102.042,248,107.911,290,110.575,289,-8.53238,269
"2023","UC Santa Barbara",65.2422,313,64.9566,302,109.642,46,111.335,71,100.429,106,104.693,163,6.64227,102
"2023","UCF",65.8536,286,64.4802,319,107.054,93,110.167,89,97.0085,50,97.5795,49,12.5878,65
"2023","UCLA",67.3147,213,66.2741,230,109.714,44,114.875,25,89.6305,3,87.2422,1,27.6324,2
"2023","UMass Lowell",69.2625,113,68.8596,103,109.737,43,107.783,128,96.6048,42,105.148,175,2.63505,138
"2023","UMBC",68.2857,168,67.7163,163,107.619,83,105.401,168,106.561,264,112.438,321,-7.03766,253
"2023","UMKC",64.8284,326,63.7999,335,96.4002,317,96.3828,332,106.09,255,108.078,241,-11.6956,309
"2023","UNC Asheville",68.6291,150,68.5064,121,104.637,145,104.141,195,99.299,82,102.635,115,1.50641,146
"2023","UNC Greensboro",66.6346,248,65.9779,257,103.769,162,103.506,209,96.8662,46,98.5744,61,4.93117,116
"2023","UNC Wilmington",65.2,315,65.4094,280,101.752,214,102.44,236,98.7392,74,101.576,97,0.863229,158
"2023","UNLV",69.1875,119,69.4702,68,102.968,179,107.832,125,100.329,101,99.6118,72,8.21971,91
"2023","USC",68.5518,155,68.1464,140,105.647,122,113.122,43,97.7374,63,97.4891,48,15.6327,36
"2023","USC Upstate",68.078,176,68.0102,146,98.509,289,99.0866,293,104.093,202,106.489,203,-7.40246,258
"2023","UT Arlington",66.3287,265,65.9165,260,94.4452,339,99.9029,282,105.294,235,105.993,192,-6.08973,240
"2023","UT Rio Grande Valley",73.7135,4,72.6996,5,101.108,233,103.943,198,109.184,312,110.334,283,-6.39134,246
"2023","Utah",66.569,251,66.1999,235,102.663,189,107.687,131,95.5576,29,95.8387,34,11.8482,72
"2023","Utah St.",69.0721,123,68.7801,108,111.983,20,117.762,13,100.749,113,98.8805,64,18.8815,18
"2023","Utah Tech",70.3239,68,68.6068,114,104.373,151,107.883,122,106.021,252,106.425,201,1.45879,148
"2023","Utah Valley",71.4906,35,70.0045,47,104.501,147,107.336,138,95.5703,30,96.4685,39,10.8675,79
"2023","UTEP",67.5171,205,67.0313,189,96.2806,320,99.095,292,100.122,96,100.631,86,-1.53629,197
"2023","UTSA",69.4536,103,69.1893,86,98.7522,284,102.132,242,111.429,339,112.103,317,-9.97128,289
"2023","Valparaiso",68.48,157,67.9459,152,97.1829,307,98.3671,305,105.775,246,108.356,248,-9.98918,291
"2023","Vanderbilt",67.0018,230,66.7015,209,107.487,86,115.674,22,106.914,271,104.853,166,10.821,80
"2023","VCU",68.432,159,68.0085,147,104.381,150,107.195,140,92.132,6,94.045,17,13.1498,58
"2023","Vermont",65.4601,306,64.6049,314,109.144,55,109.778,99,100.594,109,104.357,153,5.42124,113
"2023","Villanova",64.9116,322,63.7472,336,107.588,84,113.818,38,104.006,200,100.839,90,12.979,60
"2023","Virginia",62.3949,360,61.5695,360,108.334,70,111.166,74,96.2189,38,94.7545,25,16.4113,34
"2023","Virginia Tech",66.7475,238,66.629,214,111.047,29,113.895,36,104.12,203,103.683,139,10.2119,81
"2023","VMI",66.8122,237,66.735,204,97.5007,303,98.3792,304,116.33,362,118.086,360,-19.7066,354
"2023","Wagner",63.1699,351,62.0753,357,96.4714,316,93.7001,351,97.3969,54,106.595,205,-12.8952,318
"2023","Wake Forest",70.0839,75,69.6046,61,108.431,69,112.087,60,104.639,220,103.517,136,8.56978,88
"2023","Washington",69.2221,115,69.2257,82,98.5504,288,105.825,160,100.355,102,99.4408,69,6.3844,106
"2023","Washington St.",64.601,333,64.3113,327,105.432,129,111.975,63,100.681,110,98.759,62,13.216,57
"2023","Weber St.",65.487,305,65.2093,291,99.2472,273,100.473,272,101.646,137,101.827,102,-1.35424,191
"2023","West Virginia",69.8826,84,68.8539,104,108.969,58,117.144,15,101.511,134,97.9993,52,19.1444,17
"2023","Western Carolina",67.6535,199,67.4387,172,102.846,180,103.056,225,105.606,240,108.439,251,-5.38279,234
"2023","Western Illinois",67.7258,192,66.727,206,104.044,155,103.071,224,108.615,301,111.15,298,-8.07933,263
"2023","Western Kentucky",67.9531,181,67.623,164,101.654,219,104.766,181,104.795,224,105.806,184,-1.04001,186
"2023","Western Michigan",66.6772,245,65.7137,272,101.976,205,102.801,230,114.713,358,116.389,354,-13.5881,323
"2023","Wichita St.",67.739,191,66.2893,229,102.683,187,106.818,143,99.3095,83,100.303,80,6.51437,103
"2023","William & Mary",65.0157,319,65.2194,290,99.704,264,99.778,283,110.001,321,113.032,331,-13.2541,320
"2023","Winthrop",67.2784,216,66.9095,194,107.816,79,108.581,108,112.273,348,115.18,347,-6.59917,248
"2023","Wisconsin",63.0443,354,63.1108,348,100.556,247,106.444,151,98.8204,75,94.9055,27,11.5381,76
"2023","Wofford",65.5647,300,65.1422,294,108.323,71,108.826,105,110.934,331,113.783,338,-4.95698,232
"2023","Wright St.",71.8653,29,71.2876,23,106.874,95,104.435,186,101.633,136,105.906,189,-1.47066,193
"2023","Wyoming",65.9229,282,65.7462,271,102.576,192,107.888,121,109.073,309,106.647,207,1.24092,153
"2023","Xavier",71.8516,30,70.3571,39,112.788,16,119.297,9,102.922,167,99.6041,70,19.693,16
"2023","Yale",67.1859,218,66.1105,242,109.517,50,110.797,81,94.5181,19,98.4065,56,12.3909,67
"2023","Youngstown St.",68.7858,139,68.0072,148,115.73,5,112.945,45,104.4,215,109.389,266,3.55573,129
